First.Name,Last.Name,tx_id,tx_date,tx_amount,tx_mode,tx_channel,bank_name,dob
nooeukw,uuoaklowalb,5ed3d67b8723c11444c43283,2020/06/13 05:28:00,6192,Debit,web,QBank,1992/11/10 00:00:00
angulbo,seagn,5ed3d67b8723c11444c43283,2020/06/12 20:22:00,38445,Debit,mobile,ABank,2020/10/27 01:00:00
dukowi,eukloomja,5ed3d67b8723c11444c43283,2020/06/13 06:00:00,29627,Debit,mobile,GBank,1992/01/01 00:00:00
ltuoawiob,uuilawobmn,5ed3d67b8723c11444c43283,2020/06/13 16:10:00,27791,Debit,web,KBank,1981/01/07 00:00:00
nakuolo,donald,5ed3d67b8723c11444c43283,2020/06/13 05:28:00,6192,Debit,web,QBank,2020/10/27 01:00:00
juagn,ahcnaiz,5ed3d67b8723c11444c43283,2020/06/12 20:22:00,38445,Debit,mobile,ABank,1980/11/22 00:00:00
eykeneowj,ijutdh,5ed3d67b8723c11444c43283,2020/06/13 06:00:00,29627,Debit,mobile,GBank,1998/08/20 00:00:00
ellbo,sasahn,5ed3d67b8723c11444c43283,2020/06/13 16:10:00,27791,Debit,web,KBank,1976/12/12 00:00:00
ooadelb,ruktam,5ed3d67b8723c11444c43283,2020/06/13 05:28:00,6192,Debit,web,QBank,1976/12/12 00:00:00
ali,grgniir kaeouakn,5ed3d67b8723c11444c43283,2020/06/12 20:22:00,38445,Debit,mobile,ABank,2020/10/27 01:00:00
ial,ubykua,5ed3d67b8723c11444c43283,2020/06/13 06:00:00,29627,Debit,mobile,GBank,2020/10/27 01:00:00
owjoloaur,eaoltse,5ed3d67b8723c11444c43283,2020/06/13 16:10:00,27791,Debit,web,KBank,2020/10/27 01:00:00
boadigasm,hycknouwyeniu,5ed3d67b8723c11444c43283,2020/06/13 05:28:00,6192,Debit,web,QBank,2020/10/27 01:00:00
ywmuia,oaeuld omyiosalnfula,5ed3d67b8723c11444c43283,2020/06/12 20:22:00,38445,Debit,mobile,ABank,1984/06/13 00:00:00
owug,fuatas,5ed3d67b8723c11444c43283,2020/06/13 06:00:00,29627,Debit,mobile,GBank,2020/10/27 01:00:00
eaeodkg,nloadd,5ed3d67b8723c11444c43283,2020/06/13 16:10:00,27791,Debit,web,KBank,2020/10/27 01:00:00
adyuns,naczhai,5ed3d67b8723c11444c43283,2020/06/13 05:28:00,6192,Debit,web,QBank,2020/10/27 01:00:00
aiblnafoa,ollutoep,5ed3d67b8723c11444c43283,2020/06/12 20:22:00,38445,Debit,mobile,ABank,2020/10/27 01:00:00
dokeay,egesr jmumoan,5ed3d67b8723c11444c43283,2020/06/13 06:00:00,29627,Debit,mobile,GBank,2020/10/27 01:00:00
e okowuhoonw,izahbteel,5ed3d67b8723c11444c43283,2020/06/13 16:10:00,27791,Debit,web,KBank,2020/10/27 01:00:00
imawinuk,iadmil,5ed3d67b8723c11444c43283,2020/06/13 05:28:00,6192,Debit,web,QBank,2020/10/27 01:00:00
kroow,odqis,5ed3d67b8723c11444c43283,2020/06/12 20:22:00,38445,Debit,mobile,ABank,2020/10/27 01:00:00
oogbnslou,lezeeki,5ed3d67b8723c11444c43283,2020/06/13 06:00:00,29627,Debit,mobile,GBank,1981/06/27 00:00:00
oujkn,aoiu ulaleafdosmyoln,5ed3d67b8723c11444c43283,2020/06/13 16:10:00,27791,Debit,web,KBank,1989/12/29 00:00:00
aimuwy,measj,5ed3d67b8723c11444c43283,2020/06/13 05:28:00,6192,Debit,web,QBank,1981/01/07 00:00:00
anygoeeldu,dllaamio,5ed3d67b8723c11444c43283,2020/06/12 20:22:00,38445,Debit,mobile,ABank,2020/10/27 01:00:00
uiwdo,audelb mllooaialunof,5ed3d67b8723c11444c43283,2020/06/13 06:00:00,29627,Debit,mobile,GBank,2020/10/27 01:00:00
yaeikdno,o saederifaahbl,5ed3d67b8723c11444c43283,2020/06/13 16:10:00,27791,Debit,web,KBank,2020/10/27 01:00:00
joo,lexce,5ed3d67b8723c11444c43283,2020/06/13 05:28:00,6192,Debit,web,QBank,1999/12/23 00:00:00
oyeewal,aimolewfu,5ed3d67b8723c11444c43283,2020/06/12 20:22:00,38445,Debit,mobile,ABank,2020/10/27 01:00:00
kruehio,rni oisaaubhbd,5ed3d67b8723c11444c43283,2020/06/13 06:00:00,29627,Debit,mobile,GBank,2020/10/27 01:00:00
wounlraegob,urolmei,5ed3d67b8723c11444c43283,2020/06/13 16:10:00,27791,Debit,web,KBank,1979/09/27 00:00:00
ewneze,ibdhcmeu,5ed3d67b8723c11444c43283,2020/06/13 05:28:00,6192,Debit,web,QBank,2020/10/27 01:00:00
woknueo,oienalcr,5ed3d67b8723c11444c43283,2020/06/12 20:22:00,38445,Debit,mobile,ABank,2020/10/27 01:00:00
bedriie,nsnkloyiaoa,5ed3d67b8723c11444c43283,2020/06/13 06:00:00,29627,Debit,mobile,GBank,2020/10/27 01:00:00
loeyowe,soqid,5ed3d67b8723c11444c43283,2020/06/13 16:10:00,27791,Debit,web,KBank,2020/10/27 01:00:00
auwngo,raenvcoi,5ed3d67b8723c11444c43283,2020/06/13 05:28:00,6192,Debit,web,QBank,2020/10/27 01:00:00
loognbosu,lsumea,5ed3d67b8723c11444c43283,2020/06/12 20:22:00,38445,Debit,mobile,ABank,2020/10/27 01:00:00
eeciknh,uaanbeibdt,5ed3d67b8723c11444c43283,2020/06/13 06:00:00,29627,Debit,mobile,GBank,2020/10/27 01:00:00
kownoeu,epainetc,5ed3d67b8723c11444c43283,2020/06/13 16:10:00,27791,Debit,web,KBank,2020/10/27 01:00:00
pnduoige,nsenai,5ed3d67b8723c11444c43283,2020/06/13 05:28:00,6192,Debit,web,QBank,2020/10/27 01:00:00
aalbfio,alwadee,5ed3d67b8723c11444c43283,2020/06/12 20:22:00,38445,Debit,mobile,ABank,2020/10/27 01:00:00
ashi,nnea,5ed3d67b8723c11444c43283,2020/06/13 06:00:00,29627,Debit,mobile,GBank,1969/09/09 00:00:00
tiadli,aoniaduoflml lleoabu,5ed3d67b8723c11444c43283,2020/06/13 16:10:00,27791,Debit,web,KBank,1976/12/12 00:00:00
oabdelgas,nnae,5ed3d67b8723c11444c43283,2020/06/13 05:28:00,6192,Debit,web,QBank,2020/10/27 01:00:00
khuckauwu,ablonle,5ed3d67b8723c11444c43283,2020/06/12 20:22:00,38445,Debit,mobile,ABank,1975/12/05 00:00:00
yleoeow,uwaan,5ed3d67b8723c11444c43283,2020/06/13 06:00:00,29627,Debit,mobile,GBank,2020/10/27 01:00:00
dkmuaa,aibdri,5ed3d67b8723c11444c43283,2020/06/13 16:10:00,27791,Debit,web,KBank,1993/02/15 00:00:00
eonuwko,enians,5ed3d67b8723c11444c43283,2020/06/13 05:28:00,6192,Debit,web,QBank,1988/05/08 00:00:00
doaeknuy,lmvahienos t,5ed3d67b8723c11444c43283,2020/06/12 20:22:00,38445,Debit,mobile,ABank,1980/01/01 00:00:00
oiaeljd,uobwumanil,5ed3d67b8723c11444c43283,2020/06/13 06:00:00,29627,Debit,mobile,GBank,2020/10/27 01:00:00
ifnymoaul,ojy,5ed3d67b8723c11444c43283,2020/06/13 16:10:00,27791,Debit,web,KBank,2020/10/27 01:00:00
whienaagg,rdiso,5ed3d67b8723c11444c43283,2020/06/13 05:28:00,6192,Debit,web,QBank,2000/12/04 00:00:00
diouw,daopoal,5ed3d67b8723c11444c43283,2020/06/12 20:22:00,38445,Debit,mobile,ABank,1988/10/10 00:00:00
iltaaonk,aedfiobrlea ash,5ed3d67b8723c11444c43283,2020/06/13 06:00:00,29627,Debit,mobile,GBank,2020/10/27 01:00:00
khoceow,mlduioe,5ed3d67b8723c11444c43283,2020/06/13 16:10:00,27791,Debit,web,KBank,2020/10/27 01:00:00
wreca,onmuauwbil,5ed3d67b8723c11444c43283,2020/06/13 05:28:00,6192,Debit,web,QBank,1994/09/09 00:00:00
adeeely,isnaen,5ed3d67b8723c11444c43283,2020/06/12 20:22:00,38445,Debit,mobile,ABank,2020/10/27 01:00:00
osuudom,umeokj,5ed3d67b8723c11444c43283,2020/06/13 06:00:00,29627,Debit,mobile,GBank,2020/10/27 01:00:00
ssmaon,inasen,5ed3d67b8723c11444c43283,2020/06/13 16:10:00,27791,Debit,web,KBank,2020/10/27 01:00:00
uwoltboai,o afsloeumidoluyalna,5ed3d67b8723c11444c43283,2020/06/13 05:28:00,6192,Debit,web,QBank,2020/10/27 01:00:00
khowe ouwnoo,aeuwolfim,5ed3d67b8723c11444c43283,2020/06/12 20:22:00,38445,Debit,mobile,ABank,2020/10/27 01:00:00
wooedal,onlshe taivm,5ed3d67b8723c11444c43283,2020/06/13 06:00:00,29627,Debit,mobile,GBank,2020/10/27 01:00:00
nuainb,gzihicoe,5ed3d67b8723c11444c43283,2020/06/13 16:10:00,27791,Debit,web,KBank,2020/10/27 01:00:00
wuamdeangu,niaesn,5ed3d67b8723c11444c43283,2020/06/13 05:28:00,6192,Debit,web,QBank,1992/01/01 00:00:00
ayonnht,imef,5ed3d67b8723c11444c43283,2020/06/12 20:22:00,38445,Debit,mobile,ABank,1991/07/10 00:00:00
oweyole,ihancza,5ed3d67b8723c11444c43283,2020/06/13 06:00:00,29627,Debit,mobile,GBank,1989/03/17 00:00:00
itladi,akdyaine,5ed3d67b8723c11444c43283,2020/06/13 16:10:00,27791,Debit,web,KBank,2020/10/27 01:00:00
oejdail,ranedoke,5ed3d67b8723c11444c43283,2020/06/13 05:28:00,6192,Debit,web,QBank,2020/10/27 01:00:00
dolyaee,niedkhe,5ed3d67b8723c11444c43283,2020/06/12 20:22:00,38445,Debit,mobile,ABank,2020/10/27 01:00:00
moaaulowy,eyiaydo,5ed3d67b8723c11444c43283,2020/06/13 06:00:00,29627,Debit,mobile,GBank,2020/10/27 01:00:00
nsuwo,ennais,5ed3d67b8723c11444c43283,2020/06/13 16:10:00,27791,Debit,web,KBank,2020/10/27 01:00:00
aayed,moojlkeua,5ed3d67b8723c11444c43283,2020/06/13 05:28:00,6192,Debit,web,QBank,2020/10/27 01:00:00
nijati,bfl ehoiaseaard,5ed3d67b8723c11444c43283,2020/06/12 20:22:00,38445,Debit,mobile,ABank,1992/03/31 00:00:00
ooork,aignayt,5ed3d67b8723c11444c43283,2020/06/13 06:00:00,29627,Debit,mobile,GBank,2020/10/27 01:00:00
najuulgo,emit mnaaewun,5ed3d67b8723c11444c43283,2020/06/13 16:10:00,27791,Debit,web,KBank,2020/10/27 01:00:00
aeayd,cunainh,5ed3d67b8723c11444c43283,2020/06/13 05:28:00,6192,Debit,web,QBank,2020/10/27 01:00:00
uasdyn,dknehei,5ed3d67b8723c11444c43283,2020/06/12 20:22:00,38445,Debit,mobile,ABank,2020/10/27 01:00:00
ainnbu,waele,5ed3d67b8723c11444c43283,2020/06/13 06:00:00,29627,Debit,mobile,GBank,1991/07/10 00:00:00
okoeri,pneoiejsh,5ed3d67b8723c11444c43283,2020/06/13 16:10:00,27791,Debit,web,KBank,1999/12/16 00:00:00
sebaneid,eiatzbelh,5ed3d67b8723c11444c43283,2020/06/13 05:28:00,6192,Debit,web,QBank,2020/10/27 01:00:00
uhowkewnoo o,shujao,5ed3d67b8723c11444c43283,2020/06/12 20:22:00,38445,Debit,mobile,ABank,2020/10/27 01:00:00
zoewuaeku,hazeef,5ed3d67b8723c11444c43283,2020/06/13 06:00:00,29627,Debit,mobile,GBank,2000/06/13 00:00:00
ohil,nlbeola,5ed3d67b8723c11444c43283,2020/06/13 16:10:00,27791,Debit,web,KBank,1967/08/24 00:00:00
eroboaulnwg,ouneusalw,5ed3d67b8723c11444c43283,2020/06/13 05:28:00,6192,Debit,web,QBank,1989/05/21 00:00:00
luzu,heinekd,5ed3d67b8723c11444c43283,2020/06/12 20:22:00,38445,Debit,mobile,ABank,1993/12/23 00:00:00
ayuwnan,epert,5ed3d67b8723c11444c43283,2020/06/13 06:00:00,29627,Debit,mobile,GBank,1992/12/24 00:00:00
yaeimed,ygtanai,5ed3d67b8723c11444c43283,2020/06/13 16:10:00,27791,Debit,web,KBank,2020/10/27 01:00:00
onewogbalur,khkeuwaceum,5ed3d67b8723c11444c43283,2020/06/13 05:28:00,6192,Debit,web,QBank,2020/10/27 01:00:00
siunl,iaabi lnewoodl,5ed3d67b8723c11444c43283,2020/06/12 20:22:00,38445,Debit,mobile,ABank,2020/10/27 01:00:00
nleurogobaw,eshrcla,5ed3d67b8723c11444c43283,2020/06/13 06:00:00,29627,Debit,mobile,GBank,2020/10/27 01:00:00
uomshra,ncivivnmia hida,5ed3d67b8723c11444c43283,2020/06/13 16:10:00,27791,Debit,web,KBank,1980/01/01 00:00:00
arokpa,lamunse,5ed3d67b8723c11444c43283,2020/06/13 05:28:00,6192,Debit,web,QBank,1976/12/12 00:00:00
hmaciaar,chogizie,5ed3d67b8723c11444c43283,2020/06/12 20:22:00,38445,Debit,mobile,ABank,1989/01/01 00:00:00
unils,ahuran,5ed3d67b8723c11444c43283,2020/06/13 06:00:00,29627,Debit,mobile,GBank,2020/10/27 01:00:00
ladeeye,peeaj,5ed3d67b8723c11444c43283,2020/06/13 16:10:00,27791,Debit,web,KBank,1980/08/31 00:00:00
weblaaab,haizboc,5ed3d67b8723c11444c43283,2020/06/13 05:28:00,6192,Debit,web,QBank,2020/10/27 01:00:00
aogmy-ohlneor,sjohpiene,5ed3d67b8723c11444c43283,2020/06/12 20:22:00,38445,Debit,mobile,ABank,2020/10/27 01:00:00
diital,etts,5ed3d67b8723c11444c43283,2020/06/13 06:00:00,29627,Debit,mobile,GBank,1993/09/06 00:00:00
eloewyo,nohj,5ed3d67b8723c11444c43283,2020/06/13 16:10:00,27791,Debit,web,KBank,2020/10/27 01:00:00
aosmadibg,tfsaah,5ed3d67b8723c11444c43283,2020/06/13 05:28:00,6192,Debit,web,QBank,1984/08/26 00:00:00
nrnikania,tieabhelz,5ed3d67b8723c11444c43283,2020/06/12 20:22:00,38445,Debit,mobile,ABank,2020/10/27 01:00:00
riabu,laebonl,5ed3d67b8723c11444c43283,2020/06/13 06:00:00,29627,Debit,mobile,GBank,2020/10/27 01:00:00
agho,ulfaeiwo,5ed3d67b8723c11444c43283,2020/06/13 16:10:00,27791,Debit,web,KBank,2020/10/27 01:00:00
odruwae,islaouise nb,5ed3d67b8723c11444c43283,2020/06/13 05:28:00,6192,Debit,web,QBank,2020/10/27 01:00:00
baiur,auibwnluom,5ed3d67b8723c11444c43283,2020/06/12 20:22:00,38445,Debit,mobile,ABank,2020/10/27 01:00:00
okuaaf,icneue,5ed3d67b8723c11444c43283,2020/06/13 06:00:00,29627,Debit,mobile,GBank,2020/10/27 01:00:00
rubai,mofueawli,5ed3d67b8723c11444c43283,2020/06/13 16:10:00,27791,Debit,web,KBank,1992/03/31 00:00:00
maoka,onyodua,5ed3d67b8723c11444c43283,2020/06/13 05:28:00,6192,Debit,web,QBank,1974/02/05 00:00:00
nogashob,ynihcbueo,5ed3d67b8723c11444c43283,2020/06/12 20:22:00,38445,Debit,mobile,ABank,1999/12/23 00:00:00
awwnnko,uauwnosel,5ed3d67b8723c11444c43283,2020/06/13 06:00:00,29627,Debit,mobile,GBank,2020/10/27 01:00:00
uhem,dmhiniac,5ed3d67b8723c11444c43283,2020/06/13 16:10:00,27791,Debit,web,KBank,2020/10/27 01:00:00
uemh,s linoaebuis,5ed3d67b8723c11444c43283,2020/06/13 05:28:00,6192,Debit,web,QBank,2000/12/04 00:00:00
meyoeiy,rnnkifal,5ed3d67b8723c11444c43283,2020/06/12 20:22:00,38445,Debit,mobile,ABank,1980/08/31 00:00:00
oowel,halmtvos nei,5ed3d67b8723c11444c43283,2020/06/13 06:00:00,29627,Debit,mobile,GBank,2020/10/27 01:00:00
uwymloaao,ihucrut,5ed3d67b8723c11444c43283,2020/06/13 16:10:00,27791,Debit,web,KBank,2020/10/27 01:00:00
hgao,aaobli,5ed3d67b8723c11444c43283,2020/06/13 05:28:00,6192,Debit,web,QBank,1987/04/02 00:00:00
ooph,oulma,5ed3d67b8723c11444c43283,2020/06/12 20:22:00,38445,Debit,mobile,ABank,2020/10/27 01:00:00
emmleaun,uocgwohuk,5ed3d67b8723c11444c43283,2020/06/13 06:00:00,29627,Debit,mobile,GBank,2020/10/27 01:00:00
ihlcio,amads,5ed3d67b8723c11444c43283,2020/06/13 16:10:00,27791,Debit,web,KBank,2020/10/27 01:00:00
aihs,ekynadia,5ed3d67b8723c11444c43283,2020/06/13 05:28:00,6192,Debit,web,QBank,2020/10/27 01:00:00
gwoorbnelua,leran,5ed3d67b8723c11444c43283,2020/06/12 20:22:00,38445,Debit,mobile,ABank,2020/10/27 01:00:00
nodgeeul,ihcnek,5ed3d67b8723c11444c43283,2020/06/13 06:00:00,29627,Debit,mobile,GBank,2020/10/27 01:00:00
dunoetsa,cteenaip,5ed3d67b8723c11444c43283,2020/06/13 16:10:00,27791,Debit,web,KBank,2020/10/27 01:00:00
etst,mflioulna,5ed3d67b8723c11444c43283,2020/06/13 05:28:00,6192,Debit,web,QBank,2020/10/27 01:00:00
asimeinfj,au nyiuflasalodmoelo,5ed3d67b8723c11444c43283,2020/06/12 20:22:00,38445,Debit,mobile,ABank,2020/10/27 01:00:00
oin,oedpum,5ed3d67b8723c11444c43283,2020/06/13 06:00:00,29627,Debit,mobile,GBank,2020/10/27 01:00:00
